{
    "html": [{
            "questionText": "What does HTML stands for?",
            "options": [{
                    "text": "Hypertext Markup Language",
                    "correct": true
                },
                {
                    "text": "Hypertext Machine language"
                },
                {
                    "text": "Hypertext and links markup language"
                },
                {
                    "text": "Hightext machine language"
                }
            ],
            "explanation": "TS uses a colon (:) to separate the property name from the property type"
        },
        {
            "questionText": "The correct sequence of HTML tags for starting a webpage is ",
            "options": [{
                    "text": "Head, Title, HTML, body"
                },
                {
                    "text": "HTML, Body, Title, Head"
                },
                {
                    "text": "HTML, Head, Title, Body"
                },
                {
                    "text": "HTML, Head, Title, Body",
                    "correct": true
                }
            ],
            "explanation": "enum is not used as a type in TypeScript"
        },
        {
            "questionText": "Which of the following element is responsible for making the text bold in HTML?",
            "options": [{
                    "text": "<a>"
                },
                {
                    "text": "<b>",
                    "correct": true
                },
                {
                    "text": "<c>"
                },
                {
                    "text": "<d>"
                }
            ],
            "explanation": "interfaces are typically used to list the properties and methods for an object"
        },
        {
            "questionText": "Which of the following tag is used for inserting the largest heading in HTML?",
            "options": [{
                    "text": "<h2>"
                },
                {
                    "text": "<h1>",
                    "correct": true
                },
                {
                    "text": "<h3>"
                },
                {
                    "text": "<h4>"
                }
            ],
            "explanation": "number[] is another way of writing Array<number> in TypeScript"
        },
        {
            "questionText": "In which of these does a class take parameters?",
            "options": [{
                    "text": "constructor",
                    "correct": true
                },
                {
                    "text": "destructor"
                },
                {
                    "text": "import"
                },
                {
                    "text": "subscribe"
                }
            ],
            "explanation": "a constructor is used by a class to take in parameters"
        },
        {
            "questionText": "Which is NOT an access modifier?",
            "options": [{
                    "text": "private"
                },
                {
                    "text": "protected"
                },
                {
                    "text": "public"
                },
                {
                    "text": "async",
                    "correct": true
                }
            ],
            "explanation": "async is not used as an access modifier type in TypeScript"
        },
        {
            "questionText": "Which keyword allows us to share information between files in TypeScript?",
            "options": [{
                    "text": "import"
                },
                {
                    "text": "export",
                    "correct": true
                },
                {
                    "text": "async"
                },
                {
                    "text": "constructor"
                }
            ],
            "explanation": "the export keyword allows for the information to be transmitted between files"
        },
        {
            "questionText": "Which is an array method to generate a new array based on a condition?",
            "options": [{
                    "text": "filter",
                    "correct": true
                },
                {
                    "text": "map"
                },
                {
                    "text": "async"
                },
                {
                    "text": "enum"
                }
            ],
            "explanation": "filter is a method used to conditionally create a new array"
        },
        {
            "questionText": "Which of the following tag is used to insert a line-break in HTML?",
            "options": [{
                    "text": "<br>",
                    "correct": true
                },
                {
                    "text": "<a>"
                },
                {
                    "text": "<h1>"
                },
                {
                    "text": "Arrow function"
                }
            ],
            "explanation": "this.propertyName is the way to access a specific property within a class"
        }
    ]
}